Ambient Temperature,Ambient Humidity,Light Intensity (PAR),Phi2,vH+,Relative Chlorophyll,Thickness,Leaf Angle,Leaf Temperature Differential
30.15,63.429,416.255,0.455,0.083,51.21,0.35,42.712,-4.76
30.21,62.756,355.314,0.521,0.11,39.99,0.84,45.401,-3.41
30.47,62.331,255.012,0.537,0.07400000000000001,46.89,0.32,31.109,-4.8
31.24,60.74100000000001,264.954,0.531,0.08199999999999999,47.77,1.01,52.749,-4.71
31.25,60.368,396.842,0.526,0.087,50.35,1.05,15.747,-5.44
31.26,61.062,456.309,0.493,0.132,48.34,3.11,20.445,-4.65
33.58,56.867,625.097,0.444,0.147,41.48,0.22,28.999,-2.0
33.68,54.197,528.45,0.482,0.141,51.1,1.88,68.654,-5.29
33.73,53.31399999999999,487.236,0.45,0.116,50.02,0.68,61.917,-7.16
33.8,53.756,924.076,0.425,0.21600000000000005,43.54,0.5,64.46,-5.31
34.03,53.761,925.16,0.443,0.18600000000000005,51.12,0.2,65.8,-5.82
33.96,61.361,1232.129,0.338,0.261,31.5,0.95,23.62,-2.33
33.97,61.985,986.174,0.413,0.215,40.03,0.88,28.687,-5.62
33.88,63.049,927.39,0.412,0.22,42.46,0.89,35.426,-5.53
33.86,61.661,938.854,0.407,0.225,36.67,1.04,32.116,-5.47
31.22,50.812,340.5630000000001,0.483,0.133,46.26,0.33,20.027,-3.51
31.38,48.069,295.464,0.465,0.139,46.39,0.3,60.633,-3.13
31.57,51.707,408.194,0.471,0.139,34.08,0.59,26.877,-4.72
31.68,49.736,251.429,0.511,0.085,49.83,0.48,76.488,-4.01
31.78,51.212,411.918,0.512,0.115,50.22,0.34,14.811,-4.49
31.86,51.143,344.583,0.519,0.124,46.95,0.52,48.44300000000001,-3.69
32.38,49.27,268.208,0.579,0.098,46.87,0.63,17.06,-4.67
32.35,50.63399999999999,247.638,0.573,0.099,55.42,0.34,32.424,-5.1
32.36,51.549,325.053,0.564,0.111,46.66,0.42,10.397,-5.07
32.39,52.07100000000001,215.635,0.594,0.08900000000000001,51.0,0.55,25.785,-5.18
32.34,49.74,308.577,0.5489999999999999,0.113,45.72,0.67,8.84,-5.91
32.3,49.26300000000001,270.898,0.5489999999999999,0.116,49.08,0.32,41.161,-4.45
32.32,50.324,259.777,0.511,0.106,50.06,0.16,24.796,-5.29
32.16,50.363,72.71300000000002,0.605,0.041,42.24,0.62,42.342,-3.85
32.15,49.414,273.974,0.564,0.115,44.0,0.18,22.886,-4.54
32.16,49.722,223.476,0.615,0.101,53.61,0.3,47.617,-4.81
31.99,49.726000000000006,185.134,0.579,0.087,37.42,0.27,37.379,-4.5
31.99,49.363,219.786,0.5760000000000001,0.073,48.81,0.6,38.705,-4.5
31.72,48.218,164.792,0.5770000000000001,0.093,41.47,0.23,71.947,-4.37
31.55,48.425,275.689,0.537,0.098,37.38,0.33,5.127000000000002,-4.34
31.24,49.069,221.106,0.588,0.076,37.81,0.7,12.501,-4.96
33.4,45.303,961.339,0.303,0.17800000000000002,43.12,0.58,15.592,-1.77
33.27,44.464,540.2180000000002,0.324,0.14,38.86,0.15,17.67,-1.8
33.18,42.256,553.63,0.408,0.155,40.0,0.42,7.457999999999998,-4.25
31.07,50.787,257.313,0.527,0.08,26.69,0.59,26.427,-3.46
31.14,52.986,159.577,0.5760000000000001,0.1,31.03,0.31,88.898,-3.57
31.18,50.82100000000001,318.285,0.564,0.11,39.94,0.55,30.335,-3.89
31.33,49.07899999999999,246.762,0.5770000000000001,0.091,42.91,0.77,15.995,-4.94
30.59,57.615,176.305,0.563,0.077,31.08,0.28,66.079,-3.2
30.66,56.067,424.471,0.428,0.155,39.27,0.29,66.714,-2.23
30.79,57.177,541.724,0.424,0.157,40.42,0.77,67.098,-3.9
31.79,61.657,1050.986,0.295,0.218,32.47,0.23,91.329,-4.4
31.72,62.776,1097.287,0.378,0.235,43.54,0.66,71.128,-5.29
31.64,62.06800000000001,885.92,0.379,0.205,43.19,0.4,68.505,-3.89
31.73,57.405,677.5930000000002,0.422,0.215,42.51,0.19,72.54899999999998,-3.2
32.67,56.735,936.115,0.324,0.138,43.48,0.51,62.027,-0.99
32.76,56.912,431.717,0.34,0.07200000000000001,40.3,0.17,62.651,-1.62
32.82,56.267,422.08,0.491,0.096,47.99,0.39,52.858,-5.47
32.93,56.224,913.262,0.394,0.172,44.74,0.34,50.332,-2.78
33.97,54.75100000000001,1079.273,0.374,0.184,38.93,0.4,48.855,-4.19
34.07,54.85,164.645,0.557,-0.573,38.67,4.58,58.83,0.02
34.33,54.28100000000001,979.399,0.396,0.16699999999999998,51.29,0.51,55.86,-5.8
34.75,54.843,858.618,0.402,0.145,44.74,0.36,43.64,2.13
35.43,45.682,834.209,0.426,0.152,39.8,0.03,58.6,-3.24
35.52,48.062,1613.027,0.191,0.106,39.99,0.23,43.59,0.66
35.68,49.479,1350.0479999999998,0.354,0.208,39.43,0.17,61.0,-2.97
36.14,50.178,229.226,0.5589999999999999,0.068,46.62,0.17,60.173,-5.13
36.34,46.131,1251.753,0.336,0.154,31.96,0.09,45.724,-3.27
36.2,52.914,1432.269,0.374,0.196,37.92,0.14,51.166,-6.41
36.0,52.93600000000001,282.968,0.421,0.417,28.4,4.53,47.707,-3.75
35.9,49.39,123.485,0.591,-3.66,42.26,4.58,48.931,-3.31
35.73,49.685,218.167,0.552,0.051,45.58,0.42,48.21,-8.38
35.75,50.972,342.569,0.541,0.863,45.98,4.72,37.121,-8.04
35.97,49.856,542.0740000000002,0.445,0.129,43.98,0.08,56.929,-7.22
35.04,47.9,261.437,0.545,2.668,49.4,0.03,90.0,-3.71
34.69,47.508,63.736,0.632,0.031,48.1,0.61,98.887,-4.37
34.38,49.767,116.181,0.612,0.058,40.39,0.14,81.186,-3.77
34.32,48.648,345.851,0.496,0.095,48.67,0.66,84.63799999999998,-7.65
32.52,62.124,315.342,0.526,0.046,48.73,0.53,89.135,-6.05
32.64,62.648,401.9,0.512,0.117,43.5,0.59,90.172,-5.85
32.86,61.155,275.47900000000004,0.528,0.071,41.86,0.31,86.65700000000002,-5.75
32.91,59.007,302.3640000000001,0.539,0.08800000000000001,40.35,0.13,92.42,-6.38
30.67,62.224,548.179,0.498,24.265,45.11,4.95,48.45399999999999,-3.32
30.62,60.398,380.745,0.51,0.115,42.34,0.21,47.194,-3.23
30.56,60.688,334.978,0.526,0.0,41.3,4.82,41.612,-2.63
30.49,60.745,394.754,0.524,0.095,44.02,0.28,44.63,-5.1
30.54,60.82899999999999,754.9830000000002,0.409,0.14800000000000002,39.13,0.47,37.583,-4.02
30.58,62.277,669.6030000000002,0.438,0.142,47.78,0.59,33.333,-5.19
30.59,59.402,633.851,0.481,0.14400000000000002,45.07,0.42,33.762,-3.8
31.15,60.877,522.674,0.46,0.123,39.48,0.56,46.39,-4.72
31.21,59.316,366.15,0.468,0.093,43.32,0.42,32.657,-3.0
31.16,60.15,258.267,0.556,0.08,42.14,0.67,46.398,-4.69
31.05,57.38800000000001,335.747,0.539,0.0,40.69,0.57,31.095,-6.62
30.98,60.413,646.264,0.449,0.162,41.45,0.07,39.352,-2.35
31.01,59.767,322.59,0.501,0.09,36.64,0.12,45.499,-1.78
31.17,60.051,456.98,0.52,0.105,46.37,0.61,36.109,-4.5
31.34,60.979,353.577,0.495,0.102,42.08,0.63,45.956,-3.91
31.33,61.894,274.257,0.532,0.064,46.36,0.17,53.934,-2.98
31.76,57.575,328.1740000000001,0.52,0.099,38.78,0.61,33.514,-6.09
31.76,57.962,580.569,0.462,0.123,43.75,0.65,35.279,-4.18
31.81,59.416,472.318,0.403,0.105,38.84,0.51,42.907,-3.96
31.89,60.035,653.779,0.454,0.112,44.52,0.53,48.438,-5.14
31.88,65.32600000000001,346.487,0.573,0.1,41.62,0.83,17.405,-5.21
32.01,65.335,296.083,0.534,0.09,43.15,0.8,50.625,-3.16
32.14,64.91199999999999,310.476,0.542,0.08800000000000001,45.78,1.13,20.383,-2.36
34.04,62.105,439.481,0.541,0.124,43.83,0.9,12.575,-4.75
34.13,63.307,165.15,0.597,0.069,45.74,0.73,33.675,-3.45
34.23,62.932,872.61,0.389,0.193,47.72,0.62,25.272,-2.5
34.59,60.256,348.485,0.581,0.112,45.38,0.56,12.642,-3.59
34.61,59.39100000000001,649.072,0.412,0.198,36.06,0.77,28.324,-3.06
34.66,57.772,261.796,0.5870000000000001,0.085,44.25,0.86,18.663,-4.55
33.7,55.319,1212.987,0.344,0.205,47.85,0.22,75.221,-4.99
33.9,56.521,458.066,0.462,0.128,51.05,0.15,51.925,-2.48
34.09,56.1,775.863,0.406,0.269,42.35,0.18,59.511,-1.87
35.07,54.01300000000001,261.518,0.568,0.105,45.02,0.43,56.475,-7.26
35.24,54.054,366.994,0.514,0.125,42.58,0.3,67.31,-6.31
35.32,53.851000000000006,744.784,0.409,0.156,50.38,0.12,71.531,-5.1
35.49,53.715,654.497,0.438,0.16699999999999998,45.58,0.14,76.456,-4.27
37.18,47.012,570.521,0.496,0.154,50.67,0.62,65.947,-6.72
37.35,48.344,182.892,0.624,0.059,48.19,0.38,74.683,-3.14
37.73,48.923,181.73,0.595,0.071,45.2,0.19,62.175,-5.36
38.49,48.666,193.818,0.607,0.047,47.03,0.22,86.404,-4.74
38.54,48.783,701.942,0.426,0.203,48.28,0.15,56.63399999999999,-5.65
38.49,42.492,249.348,0.5870000000000001,0.07400000000000001,58.7,0.34,70.33,-7.74
37.89,51.276,217.933,0.581,0.047,45.63,0.14,49.642,-7.1
37.61,48.056,498.68300000000005,0.481,0.175,51.92,0.36,64.712,-5.28
37.41,44.72,280.0,0.568,0.105,43.06,0.16,57.996,-4.7
36.23,43.687,322.531,0.562,0.07200000000000001,49.62,0.17,59.367,-5.37
36.23,45.682,497.011,0.4970000000000001,0.162,43.84,0.11,71.057,-4.9
36.21,45.457,537.0169999999998,0.387,0.14800000000000002,31.75,0.04,79.727,-4.62
35.85,51.812,342.367,0.562,0.134,36.9,0.34,59.411,-3.89
35.77,50.404,669.191,0.52,0.172,49.02,0.24,46.82100000000001,-3.84
35.86,50.493,140.686,0.618,0.029,44.88,0.29,67.183,-4.57
35.79,42.995,182.206,0.5760000000000001,0.051,47.06,0.54,79.215,-3.8
34.83,51.85,125.06,0.6459999999999999,0.0,56.46,4.94,68.551,-5.36
34.71,51.265,248.409,0.58,0.112,56.5,0.62,44.31,-9.28
34.59,52.919,269.666,0.556,0.0,52.39,1.52,14.56,-7.56
33.23,56.28100000000001,723.8489999999998,0.463,0.201,47.96,0.26,18.403,-4.52
32.98,59.359,575.575,0.478,0.163,53.24,0.44,37.109,-4.55
32.49,58.279,564.761,0.443,0.18600000000000005,39.24,0.1,27.306,-2.09
34.91,54.442,1495.075,0.404,0.273,44.08,0.3,40.358,-3.36
34.72,53.274,519.007,0.516,0.185,41.75,0.2,30.262,-4.29
34.41,52.827,371.801,0.541,0.139,50.37,0.87,10.536,-6.52
36.81,42.477,988.523,0.162,0.042,14.82,0.12,60.023,-3.0
36.07,46.053,1723.013,0.333,0.269,40.86,0.69,14.963,-5.06
36.03,45.323,1375.996,0.268,0.221,33.9,0.28,63.323,-4.14
36.0,47.655,1431.0220000000004,0.41,0.279,45.91,0.27,41.896,-5.25
35.65,51.979,992.357,0.417,0.021,54.76,3.83,55.631,-4.54
35.56,51.611,735.342,0.4270000000000001,0.175,55.34,0.99,86.227,-7.75
35.52,53.238,399.64,0.452,0.145,46.16,0.46,85.785,-2.75
35.5,53.15600000000001,323.796,0.531,0.092,42.75,0.71,79.946,-8.25
31.04,59.716,857.368,0.409,0.195,51.14,0.51,19.944000000000006,-3.01
31.21,60.871,873.385,0.422,0.2,48.07,0.42,75.204,-1.78
31.25,60.968,447.103,0.521,0.124,53.86,0.52,59.574,-4.32
31.35,60.486,854.138,0.402,0.243,52.29,0.34,58.489,-3.14
31.41,59.831,429.723,0.515,0.101,50.64,0.89,78.406,-3.35
31.37,60.545,1187.474,0.393,0.215,52.65,0.73,59.74100000000001,-4.8
31.44,61.521,843.78,0.381,0.185,53.7,0.5,45.956,-5.01
31.59,61.383,178.116,0.5670000000000001,0.066,49.12,0.88,77.007,-2.78
33.5,66.726,537.57,0.535,0.0,29.86,5.39,32.88,-2.71
33.78,66.25399999999999,353.1140000000001,0.569,0.083,57.06,1.2,24.501,-1.67
33.97,65.779,410.537,0.42,0.083,53.63,0.44,0.643,-2.04
34.34,60.68899999999999,279.524,0.5670000000000001,0.079,46.69,0.37,23.328000000000007,-2.8
34.44,61.502,92.447,0.608,0.024,41.95,0.33,77.45,-2.63
34.54,61.076,740.5989999999998,0.5,0.162,49.42,0.54,31.792,-3.75
34.61,61.36,790.9069999999998,0.377,0.18,38.18,0.3,22.682,-1.9
38.18,48.172,1979.377,0.329,0.381,50.25,0.64,55.246,-1.56
38.28,44.929,1936.585,0.334,0.337,50.68,0.89,40.82,-3.89
38.21,46.611,972.253,0.435,0.241,46.06,0.14,32.359,-1.55
38.24,44.215,658.025,0.4370000000000001,0.17600000000000002,48.19,0.41,39.806,-3.95
37.16,46.988,1558.16,0.299,0.18,42.41,0.35,46.851000000000006,-0.69
37.37,46.368,794.2460000000002,0.459,0.205,48.91,0.18,49.599,-2.5
37.57,47.142,1646.802,0.305,0.268,47.62,0.9,77.376,-1.88
37.26,44.897,1059.079,0.381,0.197,52.56,0.3,70.766,-6.94
36.99,48.587,1052.234,0.399,0.235,49.65,0.58,62.107,-4.74
36.9,47.938,1654.241,0.312,0.236,46.83,0.29,67.359,-3.31
36.94,47.393,1612.361,0.279,0.259,46.96,0.28,65.667,-1.99
36.96,47.539,1609.704,0.349,0.28600000000000003,44.9,0.8,76.847,-5.95
36.91,49.408,1531.537,0.343,0.298,45.0,0.78,79.277,-3.1
36.86,49.492,937.771,0.396,0.225,41.06,0.51,75.05199999999998,-3.45
36.69,49.419,1466.687,0.371,0.279,45.97,0.07,73.62100000000002,-2.14
36.71,46.101000000000006,1126.655,0.35700000000000004,0.209,52.3,0.87,76.712,-4.26
36.5,43.49800000000001,1235.039,0.423,0.252,53.69,0.46,68.053,-2.65
36.46,47.152,1140.179,0.314,0.173,53.48,0.3,67.633,-2.97
36.91,50.9,1102.472,0.469,0.317,37.69,0.68,74.467,-3.68
36.9,48.005,1136.008,0.406,0.237,52.17,0.45,64.472,-1.92
36.7,47.334,983.48,0.46,0.21600000000000005,47.07,0.47,59.027,-3.25
33.19,60.228,484.741,0.528,0.125,49.37,0.12,12.951,-3.37
33.23,61.055,290.248,0.5820000000000001,0.075,50.8,1.01,65.987,-3.36
33.32,60.922,348.612,0.5489999999999999,0.07,51.43,0.72,28.439,-3.89
33.4,61.577,174.49900000000005,0.594,0.053,46.62,0.36,77.741,-3.85
33.68,59.11600000000001,467.671,0.5589999999999999,0.121,43.49,0.7,5.98,-2.9
33.77,59.449,198.607,0.596,0.07,46.77,0.55,58.761,-3.84
34.02,59.627,269.961,0.599,0.065,48.56,0.75,62.661,-2.88
34.28,59.69300000000001,1103.356,0.434,0.236,47.6,0.71,1.439,-1.95
34.99,58.505,340.846,0.563,0.086,52.01,0.24,19.336,-6.5
34.9,57.492,365.104,0.5670000000000001,0.11,53.16,0.13,13.876,-6.05
34.78,57.387,189.328,0.607,0.037000000000000005,46.96,0.21,51.557,-5.09
34.81,57.846,182.674,0.602,0.044,50.58,0.67,56.504,-5.34
34.65,57.615,273.329,0.574,0.078,50.53,0.88,47.25100000000001,-6.12
34.62,57.602,312.843,0.565,0.085,46.25,0.52,6.442,-6.23
34.57,57.082,102.543,0.65,0.059,43.91,0.22,59.489,-3.93
34.55,57.592,176.171,0.608,0.054000000000000006,44.21,0.45,44.229,-4.94
34.22,55.916,145.158,0.621,0.037000000000000005,51.15,0.23,49.348,-3.58
34.16,56.365,146.395,0.638,0.044,43.83,0.24,3.24,-4.93
34.11,56.858,134.216,0.636,0.036000000000000004,51.94,0.12,55.464,-2.97
34.13,57.283,163.732,0.635,0.047,43.71,0.19,1.138,-3.98
29.61,70.60300000000002,428.693,0.5379999999999999,0.085,47.93,0.41,46.257,-3.95
29.63,70.395,280.672,0.5820000000000001,0.07,50.01,0.66,52.875,-4.31
31.29,64.643,424.571,0.488,0.1,44.77,0.46,35.163000000000004,-5.62
31.29,65.766,645.832,0.47,0.093,47.5,0.37,32.983000000000004,-4.54
31.15,64.86399999999999,340.2519999999999,0.525,0.1,46.93,0.21,12.117,-6.78
31.11,64.375,575.8290000000002,0.505,0.112,45.94,0.45,43.08600000000001,-4.31
31.07,63.666,322.04,0.578,0.108,48.12,0.75,22.817,-5.75
30.95,62.902,486.735,0.473,0.13,47.41,0.08,45.172,-5.72
31.23,64.602,617.003,0.472,0.135,48.86,0.3,26.086,-4.94
31.33,64.956,491.263,0.471,0.108,50.56,0.64,34.754,-5.52
31.37,64.30199999999999,393.465,0.475,0.125,41.25,0.18,33.941,-5.42
31.31,58.834,426.814,0.527,0.093,51.22,0.68,49.663,-7.54
30.95,61.935,459.268,0.501,0.099,49.79,0.56,54.797,-6.11
31.14,61.895,455.643,0.503,0.095,46.13,0.41,42.32,-6.43
31.14,61.861,334.523,0.511,0.097,41.1,0.23,19.759,-6.77
31.35,65.376,331.951,0.528,0.0,52.39,0.49,34.915,-5.2
31.44,65.46600000000001,262.95,0.536,0.064,43.83,0.27,50.71100000000001,-5.87
31.52,64.906,202.797,0.524,0.062,40.3,0.59,51.303,-5.75
31.56,63.845,405.4380000000001,0.4970000000000001,0.098,45.46,0.06,58.874,-5.03
33.76,60.058,636.182,0.457,0.155,36.74,0.63,53.482,-5.41
33.65,58.07899999999999,110.135,0.552,-0.018000000000000002,43.46,3.75,34.28,-9.46
33.5,54.017,318.498,0.509,0.108,45.44,0.64,18.606,-6.98
33.4,54.471,307.883,0.518,0.133,40.33,0.54,5.852,-6.73
33.74,57.475,724.8910000000002,0.442,0.149,45.46,0.63,61.402,-6.84
33.85,56.701,490.944,0.483,0.097,43.41,0.23,61.51600000000001,-7.38
33.31,57.354,663.528,0.441,0.078,43.91,0.72,37.9,-5.32
33.19,56.298,1060.95,0.379,0.191,45.58,0.7,39.557,-4.98
33.13,55.66,802.28,0.42,0.138,50.91,0.22,43.87,-6.57
33.17,54.89,582.631,0.491,0.16699999999999998,45.25,0.13,49.887,-5.42
30.15,63.494,403.185,0.503,0.091,47.74,0.32,34.771,-4.96
33.54,56.813,1054.311,0.411,0.278,45.28,1.41,16.587,-4.07
33.66,54.399,1291.838,0.355,0.338,41.36,0.29,17.075,-1.34
34.99,57.197,990.574,0.408,0.261,46.26,1.35,39.989,-5.76
35.09,56.643,955.43,0.429,0.243,44.16,0.65,42.18600000000001,-5.22
34.96,56.344,1164.918,0.396,0.29,37.48,0.35,28.308000000000003,-5.27
35.16,57.478,1204.365,0.402,0.328,39.43,0.44,21.334,-4.79
31.3,63.915,1017.641,0.374,0.28300000000000003,43.41,0.21,11.611,-2.37
31.52,62.58600000000001,807.3330000000002,0.429,0.217,50.74,0.75,16.98,-4.09
31.98,63.39100000000001,890.32,0.392,0.206,42.61,2.34,16.745,-3.27
31.83,60.067,743.56,0.457,0.175,51.77,0.7,22.074,-3.44
33.76,53.585,780.0189999999999,0.411,0.172,54.4,0.36,48.182,-6.09
33.69,54.526,1180.984,0.359,0.272,46.2,0.96,29.292,-5.88
33.58,54.286,1009.335,0.399,0.202,55.78,0.92,30.902,-5.91
33.57,54.828,1107.309,0.421,0.279,50.02,0.5,30.003,-2.97
34.86,55.583,1190.115,0.361,0.245,51.09,1.5,5.746,-5.67
34.59,53.433,1282.384,0.368,0.218,58.69,0.42,11.569,-3.72
34.53,53.867,939.312,0.375,0.29600000000000004,46.52,0.52,16.339000000000002,-2.67
34.52,54.069,1073.8010000000004,0.359,0.23,57.09,0.95,22.216,-7.13
34.63,54.62600000000001,294.998,0.504,0.08199999999999999,60.87,0.97,25.977,-4.38
29.7,68.623,337.38199999999995,0.5379999999999999,0.118,48.31,1.52,19.825,-5.67
29.71,68.982,574.123,0.474,0.134,46.07,0.82,22.779,-4.38
29.73,68.359,615.154,0.457,0.17800000000000002,41.79,0.68,18.511,-3.83
29.75,68.039,506.299,0.452,0.151,38.31,1.3,31.031,-3.33
30.33,69.583,854.248,0.4320000000000001,0.171,42.34,0.8,12.951,-3.47
30.41,69.66,648.281,0.452,0.193,45.18,0.55,24.506,-4.26
30.47,69.85300000000001,1116.265,0.4,0.237,43.44,1.16,21.198,-3.4
30.5,69.14399999999999,1121.586,0.383,0.215,45.09,0.51,10.943,-3.79
30.93,62.82,567.028,0.469,0.152,45.36,0.56,11.822,-4.27
30.89,63.53100000000001,604.487,0.5,0.161,45.49,1.2,6.805,-4.74
30.92,64.521,440.263,0.513,0.113,47.69,0.75,38.44300000000001,-4.31
30.96,65.123,595.63,0.493,0.16699999999999998,43.52,1.53,17.082,-4.07
31.23,67.641,546.697,0.489,0.135,41.69,0.81,9.682,-5.84
31.28,67.508,588.69,0.501,0.174,43.48,0.6,4.966,-3.85
31.83,61.892,583.54,0.513,0.135,45.67,0.66,16.344,-4.84
31.82,62.378,845.868,0.453,0.206,46.18,0.66,44.523,-3.83
31.8,62.67,761.035,0.442,0.21,46.19,0.59,21.231,-4.91
31.37,60.506,359.7990000000001,0.542,0.085,45.16,1.42,11.123,-5.09
31.34,61.869,342.254,0.5660000000000001,0.132,41.75,1.41,10.042,-2.95
31.34,62.77,263.279,0.545,0.08800000000000001,40.24,1.03,19.383,-4.95
31.33,63.082,291.143,0.556,0.08900000000000001,41.19,0.66,6.496,-4.3
32.82,71.462,1047.53,0.39,0.235,42.0,0.6,31.275,-5.25
32.61,70.999,1365.796,0.358,0.237,40.43,1.09,15.094,-6.32
32.46,70.811,857.248,0.435,0.207,37.84,0.6,35.412,-4.79
32.71,59.312,1700.733,0.365,0.258,36.95,1.09,25.887,-4.22
33.04,61.417,441.661,0.491,0.161,35.08,0.34,56.158,-3.61
33.35,62.59,1706.192,0.361,0.327,39.06,0.58,48.709,-2.75
33.23,62.596,378.393,0.5,0.08199999999999999,38.96,1.15,33.041,-6.52
33.07,57.828,611.842,0.462,0.147,42.03,1.06,30.983,-6.96
32.91,60.51300000000001,257.775,0.504,0.08,38.72,0.48,83.74700000000001,-5.52
31.67,62.161,412.321,0.496,0.127,38.98,0.54,42.668,-6.04
31.51,64.778,472.253,0.493,0.131,38.71,0.61,33.818000000000005,-4.72
31.49,64.245,394.879,0.503,0.123,33.21,0.4,23.213,-4.32
34.48,55.44600000000001,782.324,0.445,0.13699999999999998,39.72,0.16,59.287,-8.09
34.21,57.533,552.773,0.458,0.119,43.47,0.65,48.005,-5.96
33.92,57.76300000000001,765.1419999999998,0.476,0.221,38.19,0.82,42.218,-6.85
33.65,57.098,1006.779,0.441,0.187,42.38,0.56,18.697,-7.12
32.74,61.68,623.308,0.509,0.121,40.9,0.39,7.152,-5.57
32.73,62.087,620.861,0.494,0.127,38.41,0.7,27.062,-5.98
32.76,63.307,605.278,0.49,0.141,36.19,0.85,34.138000000000005,-5.33
32.74,63.932,570.002,0.511,0.146,37.3,1.0,19.888,-5.39
31.61,59.403,456.854,0.495,0.166,36.24,0.89,15.901,-5.0
31.71,60.389,474.379,0.496,0.157,37.01,0.97,22.558000000000003,-4.72
31.91,59.452,572.163,0.439,0.17600000000000002,32.81,0.56,53.125,-5.02
31.97,59.272,475.221,0.494,0.17600000000000002,35.36,0.47,17.383,-4.08
33.57,62.772,533.851,0.46,0.135,34.65,1.35,13.758,-6.58
33.42,60.303,569.006,0.482,0.14800000000000002,40.06,1.43,26.843000000000004,-6.31
33.34,61.202,655.448,0.454,0.168,36.95,0.74,20.587,-5.63
33.3,60.121,514.406,0.4920000000000001,0.174,37.7,0.51,58.77,-4.99
33.09,58.951,462.881,0.503,0.141,38.91,0.54,4.009,-5.52
33.15,59.901,438.778,0.5,0.14300000000000002,39.28,0.69,60.448,-5.54
33.19,61.06,463.614,0.524,0.145,38.96,0.72,16.544,-4.98
33.36,60.45,442.028,0.507,0.131,40.43,1.01,29.254,-7.31
33.34,60.026,488.986,0.505,0.17600000000000002,38.63,0.69,6.364,-6.13
33.32,60.567,476.323,0.511,0.182,37.76,0.98,1.404,-4.47
32.93,62.09,1469.961,0.359,0.277,38.34,0.63,8.621,-2.93
33.14,62.14100000000001,1067.472,0.424,0.289,37.78,0.52,16.768,-2.74
33.29,62.614,336.781,0.5379999999999999,0.133,41.36,0.51,13.585,-4.1
33.4,63.328,693.4939999999998,0.477,0.202,37.91,1.36,34.233000000000004,-4.29
34.2,60.395,859.6469999999998,0.47,0.18600000000000005,36.09,0.82,12.857,-5.05
34.28,61.216,576.5419999999998,0.468,0.187,41.07,0.7,6.693,-5.79
34.33,61.654,529.307,0.494,0.161,36.95,0.64,34.067,-5.66
34.32,59.776,453.086,0.499,0.14300000000000002,34.77,0.83,12.412,-6.47
33.11,64.583,1139.811,0.411,0.206,35.63,0.11,47.03100000000001,-6.72
33.15,65.131,690.6669999999998,0.4320000000000001,0.182,34.7,0.3,89.82600000000002,-5.48
32.98,61.575,1159.505,0.409,0.199,36.96,0.76,84.485,-6.37
33.96,59.297,617.149,0.466,0.139,38.09,0.29,36.186,-7.11
33.77,58.928,1616.59,0.397,0.265,35.43,0.35,24.93,-6.87
33.74,61.37600000000001,321.1620000000001,0.545,0.085,31.25,0.25,32.626999999999995,-4.37
33.06,60.267,1002.83,0.431,0.188,33.15,0.21,92.262,-6.27
32.97,65.072,1137.714,0.412,0.21600000000000005,34.64,0.15,64.594,-5.68
33.08,63.959,1539.7620000000004,0.399,0.292,34.63,0.38,22.233,-4.51
33.06,60.3,1449.61,0.387,0.247,34.72,0.11,28.828000000000007,-5.21
33.04,60.729,531.911,0.468,0.14300000000000002,29.69,0.27,20.183,-5.05
33.09,62.278,980.796,0.433,0.188,33.42,0.22,22.848000000000006,-4.04
30.18,64.55199999999999,332.88699999999994,0.521,0.107,35.69,0.16,19.069000000000006,-4.95
29.72,62.71,214.122,0.586,0.065,38.66,0.66,12.021,-4.92
29.61,62.971,207.957,0.5489999999999999,0.097,35.38,0.68,12.378,-5.94
29.57,63.502,203.569,0.598,0.079,39.84,0.92,6.95,-5.68
28.77,68.801,358.564,0.475,0.118,39.85,0.38,13.592,-2.2
29.02,68.15899999999999,431.281,0.49,0.14400000000000002,32.48,0.87,5.21,-2.5
29.05,68.297,240.905,0.534,0.086,31.58,0.62,5.207999999999998,-2.01
29.0,68.22399999999999,326.747,0.529,0.112,33.78,2.24,5.301,-6.47
29.25,68.207,436.734,0.522,0.122,36.44,1.25,6.06,-6.06
29.01,67.81,362.095,0.522,0.126,32.89,0.28,3.387,-3.17
29.02,68.686,429.65,0.501,0.129,32.43,1.13,7.292000000000002,-5.63
29.09,69.56,398.595,0.507,0.114,34.17,0.12,7.337999999999999,-2.53
29.19,70.186,353.473,0.523,0.108,35.43,0.99,5.766,-4.92
29.18,68.043,311.637,0.5329999999999999,0.094,35.93,0.32,7.495,-5.65
29.19,66.02,412.222,0.5529999999999999,0.107,34.99,2.11,10.224,-7.0
29.19,67.497,463.2,0.507,0.149,37.53,0.68,5.759,-4.34
29.24,68.67399999999999,477.212,0.484,0.118,36.25,0.5,12.901,-4.97
29.32,68.479,417.444,0.491,0.104,36.79,1.47,6.05,-7.41
29.31,68.445,461.478,0.488,0.121,36.73,0.24,25.193,-5.88
29.97,70.34100000000001,494.98800000000006,0.466,0.127,32.31,0.5,7.592,-5.36
30.03,70.392,515.868,0.384,0.177,19.07,2.52,12.821,-6.04
30.03,69.14399999999999,463.93300000000005,0.494,0.108,34.64,0.76,25.44,-5.6
29.84,70.178,306.112,0.534,0.07,28.5,0.38,11.018,-5.99
29.87,70.642,435.698,0.496,0.121,40.33,0.26,15.05,-4.82
29.75,70.469,469.876,0.48,0.098,36.61,0.88,16.006,-6.02
29.75,70.918,517.53,0.484,0.145,33.5,1.25,0.667,-5.28
28.89,71.884,326.518,0.509,0.099,34.82,0.52,9.685,-4.62
28.94,71.601,331.991,0.514,0.107,34.89,0.5,7.544,-2.55
25.69,68.318,654.905,0.496,0.133,31.76,0.83,53.248999999999995,-0.36
25.87,68.457,410.531,0.593,0.11199999999999999,39.97,0.88,22.186,0.6
26.14,68.75399999999999,444.666,0.564,0.106,38.63,0.46,23.441,-0.47
26.52,68.88,710.587,0.35700000000000004,0.18600000000000003,24.32,0.78,44.449,0.37
26.76,67.54,494.208,0.556,0.132,32.77,0.65,56.715,-0.09
31.89,54.881,449.29,0.48200000000000004,0.114,22.71,0.75,32.161,-4.08
31.96,54.743,594.93,0.222,0.04,7.46,0.43,50.781000000000006,-2.03
31.99,54.328,270.906,0.578,0.0,24.98,3.88,35.506,-4.28
32.06,54.042,455.483,0.609,0.084,39.84,0.45,31.261,-4.63
32.13,54.854,762.434,0.552,0.165,45.01,0.66,20.472,-5.6
33.13,50.208,407.181,0.5539999999999999,0.11800000000000001,33.13,0.28,41.188,-5.7
33.09,50.567,400.346,0.609,0.086,31.47,0.82,57.786,-5.66
33.0,50.659,505.35400000000004,0.534,0.106,27.59,0.67,40.993,-5.47
32.93,51.435,336.76,0.578,0.10400000000000001,32.38,0.8,52.79,-3.32
32.9,51.589,399.755,0.617,0.10800000000000001,47.92,0.94,55.976000000000006,-5.37
30.05,55.64,1728.832,0.425,0.26,43.14,0.95,52.784,2.4
30.29,56.38,1473.621,0.449,0.257,37.04,0.71,62.931000000000004,2.48
30.55,56.038999999999994,403.589,0.31,0.053,17.15,1.07,24.755,6.66
30.95,56.236000000000004,2133.71,0.268,0.32299999999999995,26.22,0.42,45.25899999999999,3.86
31.21,56.2,1483.793,0.413,0.276,32.77,0.77,48.437,3.08
36.38,43.446999999999996,388.971,0.562,0.113,28.79,1.28,36.053000000000004,-2.75
36.46,43.981,242.403,0.615,0.092,26.19,0.78,56.144,-2.21
36.53,44.742,593.9119999999999,0.47,0.10800000000000001,28.02,0.85,33.558,-1.28
36.58,43.696000000000005,343.815,0.379,0.069,18.77,0.85,64.876,-1.97
36.64,43.381,1298.674,0.29600000000000004,0.203,21.94,0.73,54.122,-1.77
37.64,41.356,396.80800000000005,0.61,0.11800000000000001,39.27,1.14,50.457,-1.09
37.64,40.554,467.716,0.47600000000000003,0.124,25.27,0.67,54.478,-2.31
37.66,40.738,333.05300000000005,0.647,0.094,41.33,0.94,59.373000000000005,-5.11
37.68,40.408,364.79,0.5820000000000001,0.1,35.3,0.5,52.081,-6.05
37.68,41.50899999999999,144.536,0.596,0.052000000000000005,35.32,0.85,74.987,-4.71
40.63,48.038000000000004,488.901,0.574,0.09699999999999999,24.59,0.39,12.036,-2.1
40.72,48.221000000000004,535.1659999999999,0.5820000000000001,0.201,41.79,0.78,41.43,-1.99
40.8,48.31,225.301,0.588,0.095,34.27,0.31,66.12,-1.59
40.88,48.468,639.085,0.46799999999999997,0.20800000000000002,26.53,0.34,62.46,-0.81
40.98,49.782,651.406,0.46399999999999997,0.204,25.27,0.26,66.579,-0.79
41.08,50.50899999999999,145.355,0.637,0.066,21.51,0.41,63.62,-0.55
41.19,49.803999999999995,128.457,0.652,0.05,19.76,0.42,98.137,-1.82
41.54,46.803000000000004,990.951,0.204,0.079,23.27,0.34,19.673,0.01
41.61,47.03,508.925,0.40399999999999997,0.13699999999999998,26.02,0.38,25.869,-0.6
41.69,46.437,880.711,0.384,0.259,34.1,0.25,76.235,-1.34
41.82,46.52,260.056,0.381,0.062,19.0,0.57,55.855,0.21
41.89,44.294,1001.125,0.395,0.313,41.45,0.54,22.98,-3.2
41.93,43.928000000000004,594.634,0.514,0.17600000000000002,31.54,0.32,41.07899999999999,-2.02
41.96,43.688,484.048,0.55,0.172,35.86,0.31,24.736,-1.27
41.97,43.665,1042.765,0.273,0.17600000000000002,25.15,0.44,52.301,-2.24
40.61,37.863,516.133,0.563,0.094,49.16,0.6,62.208999999999996,-7.2
40.48,37.933,967.7639999999999,0.541,0.171,44.39,0.59,62.537,-7.51
40.42,38.7,1331.8429999999998,0.508,0.22699999999999998,39.57,0.41,40.181999999999995,-7.65
40.34,37.979,1069.355,0.508,0.247,36.17,0.26,43.011,-4.23
40.28,38.528,1127.012,0.46399999999999997,0.268,31.21,0.5,64.05199999999999,-5.51
38.4,39.726,1441.43,0.5,0.203,45.8,0.43,63.838,-6.97
38.27,39.071,765.328,0.303,0.20199999999999999,29.19,0.62,58.422,-5.9
38.16,39.579,863.895,0.467,0.19699999999999998,27.96,0.7,56.721000000000004,-5.65
38.01,39.324,1818.621,0.307,0.294,32.82,0.56,55.42100000000001,-6.38
37.88,39.635,1445.64,0.39399999999999996,0.244,33.07,0.81,51.015,-5.29
37.98,40.687,1654.9260000000002,0.428,0.235,44.02,0.6,42.747,-6.69
37.97,41.638000000000005,1287.813,0.418,0.319,30.39,0.39,12.515,-3.02
37.97,41.352,1756.145,0.405,0.28800000000000003,39.67,0.42,43.565,-5.78
37.9,41.092,450.336,0.5760000000000001,0.096,46.96,0.42,51.14,-7.15
37.74,40.906,733.408,0.5670000000000001,0.147,47.13,0.47,49.426,-7.63
23.4,76.476,129.968,0.5670000000000001,0.07400000000000001,36.56,0.29,48.468,0.59
23.53,76.632,169.34400000000002,0.597,0.065,32.01,0.48,8.977,0.84
23.7,76.459,163.628,0.555,0.085,35.76,0.51,38.369,0.29
23.82,76.501,144.207,0.561,0.061,27.32,0.4,52.157,-0.43
23.95,76.646,160.844,0.541,0.068,23.76,0.61,28.116999999999997,0.0
27.68,69.687,265.685,0.551,0.105,37.07,0.52,34.637,-2.29
27.82,69.281,316.57,0.563,0.133,25.24,0.47,33.684,-1.81
27.96,68.429,264.307,0.585,0.11199999999999999,34.09,0.58,26.079,-2.63
28.13,67.187,170.55700000000002,0.5670000000000001,0.10300000000000001,41.3,0.62,44.211000000000006,-2.12
28.26,66.756,174.493,0.57,0.079,37.32,0.9,28.862,-2.15
31.87,60.016000000000005,315.13599999999997,0.583,0.11,31.97,0.39,28.948,-4.3
31.92,59.707,357.315,0.5529999999999999,0.13699999999999998,42.64,0.6,13.459000000000001,-4.85
32.0,60.202,296.421,0.544,0.113,41.5,0.46,6.257000000000001,-3.47
32.1,59.751999999999995,340.51300000000003,0.588,0.13699999999999998,38.17,0.35,48.468,-3.29
32.17,59.013999999999996,253.11599999999999,0.5820000000000001,0.114,39.65,0.59,32.16,-2.98
33.69,51.622,797.75,0.555,0.157,49.76,1.01,31.74,-6.84
33.63,53.114,418.223,0.618,0.10099999999999999,42.6,0.43,22.601,-3.58
33.63,53.137,725.679,0.569,0.17,39.3,0.73,54.318000000000005,-5.14
33.64,53.435,630.681,0.5479999999999999,0.214,39.07,0.39,29.996,-5.01
33.66,51.427,699.738,0.555,0.207,36.03,0.67,54.36600000000001,-4.61
33.21,50.887,306.856,0.579,0.109,38.02,0.49,45.54,-7.34
33.17,51.246,215.882,0.562,0.086,30.27,0.51,60.004,-5.68
33.13,51.266000000000005,316.835,0.6,0.107,31.07,0.47,27.39,-6.84
33.11,50.854,293.274,0.5539999999999999,0.08800000000000001,34.26,0.74,59.544,-7.54
33.07,50.476000000000006,363.277,0.508,0.095,27.22,0.73,56.958,-7.16
31.89,49.215,602.903,0.542,0.156,37.99,1.4,70.108,-5.36
31.84,49.268,423.483,0.55,0.113,36.01,1.64,74.462,-3.31
31.87,48.482,559.341,0.575,0.139,40.85,1.63,18.938,-4.16
31.84,49.406000000000006,368.36199999999997,0.563,0.13,32.67,1.51,59.711000000000006,-3.53
31.82,49.438,589.501,0.539,0.151,38.33,1.44,37.635,-6.25
26.47,67.889,876.8710000000001,0.503,0.23600000000000002,41.92,0.34,20.477,3.58
26.78,69.01,423.416,0.608,0.125,38.72,0.39,30.513,2.33
27.05,69.925,447.754,0.5429999999999999,0.17800000000000002,44.48,0.49,36.444,2.18
27.32,70.461,955.421,0.504,0.187,37.06,0.51,24.214000000000002,2.65
27.66,70.67,736.375,0.361,0.23199999999999998,31.64,0.62,28.558000000000003,5.11
34.85,57.176,196.197,0.541,0.10099999999999999,27.33,0.28,31.224,-0.72
34.98,56.167,121.713,0.615,0.07400000000000001,36.91,0.81,12.321,-1.83
35.11,56.193999999999996,166.233,0.588,0.099,31.81,0.92,33.080999999999996,-1.56
35.22,56.31100000000001,187.86599999999999,0.609,0.083,39.55,0.26,31.375999999999998,-1.93
35.42,55.273,195.014,0.5539999999999999,0.09300000000000001,26.44,0.42,22.351999999999997,-0.51
36.52,51.577,150.149,0.595,0.078,30.27,0.18,51.714,-4.01
36.52,50.755,157.099,0.618,-0.018000000000000002,38.92,0.71,57.791000000000004,-5.33
36.52,50.273999999999994,231.31799999999998,0.614,0.091,41.04,0.4,27.406999999999996,-5.13
36.53,50.185,476.23800000000006,0.56,0.133,46.05,0.3,18.362000000000002,-7.16
36.53,49.681999999999995,208.768,0.598,0.078,44.26,0.52,32.253,-5.66
36.11,43.651,468.398,0.5760000000000001,0.08900000000000001,42.73,0.62,62.393,-7.54
36.04,45.083,388.274,0.5760000000000001,0.099,47.46,0.83,58.339,-7.79
36.0,45.456,338.24699999999996,0.591,0.1,37.97,0.5,59.331,-7.37
35.98,45.45399999999999,511.923,0.581,0.153,35.73,0.6,43.852,-5.51
35.93,44.125,427.85699999999997,0.613,0.14800000000000002,45.48,0.86,55.284,-7.4
35.48,43.92100000000001,1026.78,0.53,0.17600000000000002,41.66,0.71,53.323,-5.47
35.54,44.293,1811.6729999999998,0.45,0.272,45.43,0.63,36.289,-5.11
35.63,44.438,1427.76,0.42100000000000004,0.292,45.04,0.52,42.603,-4.88
35.67,44.488,1223.428,0.46399999999999997,0.248,43.8,0.59,32.159,-5.38
35.66,44.681000000000004,1367.529,0.467,0.302,40.19,0.33,55.285,-4.41
35.17,38.998000000000005,281.801,0.619,0.107,35.04,1.55,49.729,-8.46
35.1,38.604,161.766,0.612,0.068,47.68,1.33,63.403999999999996,-8.57
35.04,39.021,264.85200000000003,0.589,0.087,41.34,1.84,53.158,-9.65
34.97,38.828,322.285,0.584,0.076,48.23,1.53,59.253,-9.34
34.93,38.825,237.655,0.63,0.08,51.16,1.73,35.538000000000004,-8.26
26.13,68.296,209.148,0.611,0.09,45.37,0.87,46.641999999999996,-1.22
26.3,68.389,237.463,0.612,0.09,42.21,0.34,24.658,-0.67
26.47,68.84,166.891,0.596,0.057,37.22,0.45,35.813,-1.38
26.69,68.76100000000001,69.445,0.585,0.037000000000000005,30.01,0.32,26.515,-0.92
26.91,68.705,124.822,0.498,0.075,23.84,0.73,68.402,-0.8
31.06,60.7,473.654,0.535,0.161,38.52,0.46,15.26,-3.49
31.17,60.591,366.86800000000005,0.575,0.134,33.19,0.87,27.589000000000002,-2.96
31.29,60.617,179.81099999999998,0.564,0.10300000000000001,34.98,0.58,19.397000000000002,-3.44
31.4,60.26,311.683,0.369,0.141,25.62,0.39,13.217,-3.19
31.5,60.521,533.188,0.544,0.207,43.57,0.87,29.654,-2.69
33.59,43.818999999999996,253.607,0.602,0.086,39.64,1.47,33.306999999999995,-7.2
34.15,56.553999999999995,103.32600000000001,0.611,0.052000000000000005,37.06,0.27,48.431999999999995,-2.86
33.54,43.501000000000005,396.98,0.603,0.09300000000000001,43.91,1.52,61.981,-6.79
34.16,55.305,123.24,0.614,0.061,38.41,0.87,32.623000000000005,-5.31
33.5,42.692,388.87699999999995,0.606,0.091,50.05,1.64,33.179,-9.03
34.2,55.457,571.682,0.583,0.16,46.57,0.81,36.102,-5.15
33.33,41.978,284.689,0.5920000000000001,0.127,42.41,1.66,39.429,-8.28
34.24,54.506,323.14099999999996,0.596,0.127,43.68,0.66,37.827,-5.27
33.21,42.2,416.309,0.578,0.10099999999999999,43.11,1.43,62.245,-8.54
34.27,54.566,351.336,0.601,0.114,46.64,0.53,43.117,-5.88
34.04,49.013999999999996,505.54900000000004,0.568,0.135,36.41,0.51,3.68,-7.89
33.98,50.393,104.19200000000001,0.58,0.032,43.65,0.69,66.286,-10.97
33.93,50.161,421.73800000000006,0.574,0.129,43.94,0.77,51.28,-7.14
33.88,49.917,196.11599999999999,0.584,0.11199999999999999,36.46,1.0,67.155,-6.59
33.87,49.381,370.955,0.595,0.098,40.99,0.93,68.39699999999999,-9.88
33.42,50.23,1445.759,0.505,0.22899999999999998,45.42,0.69,52.483000000000004,-5.49
33.43,49.583999999999996,1370.01,0.518,0.20600000000000002,41.91,0.89,63.903999999999996,-5.5
33.41,48.72,1728.3120000000001,0.44799999999999995,0.26899999999999996,38.2,0.5,45.31100000000001,-6.06
33.42,50.071000000000005,1167.766,0.46399999999999997,0.251,38.58,0.41,48.945,-4.61
33.47,50.995,878.255,0.498,0.198,42.65,0.39,50.726000000000006,-5.48
26.73,61.371,558.4730000000001,0.557,0.152,43.6,1.39,31.5,1.3
27.0,62.287,327.302,0.593,0.122,45.4,1.61,48.174,0.93
27.44,62.92,306.47900000000004,0.589,0.129,44.19,1.42,64.387,1.53
28.04,64.112,432.208,0.54,0.166,42.75,1.67,37.495,1.61
28.47,65.22800000000001,649.312,0.498,0.235,45.0,1.74,17.984,1.86
34.97,53.138000000000005,241.61900000000003,0.536,0.134,40.85,1.79,26.392,-2.56
35.07,53.372,415.731,0.44,0.175,39.06,1.83,29.392,-1.48
35.18,52.066,194.30700000000002,0.605,0.085,43.92,1.7,45.364,-2.11
35.28,51.658,236.99599999999998,0.59,0.087,40.67,1.26,59.433,-2.39
35.4,50.387,82.89,0.645,0.042,49.52,1.49,58.758,-3.11
37.11,48.076,97.633,0.628,0.03,48.92,1.56,61.52,-7.42
37.13,47.433,283.512,0.613,0.102,49.46,1.41,32.486,-5.24
37.17,45.595,215.84799999999998,0.647,0.055999999999999994,50.52,1.3,40.204,-3.84
37.18,45.772,238.548,0.612,0.09699999999999999,45.58,1.34,42.113,-4.89
37.21,45.729,394.36400000000003,0.5710000000000001,0.10400000000000001,44.29,1.4,53.846000000000004,-4.66
36.31,37.368,267.673,0.599,0.10400000000000001,41.21,1.94,47.701,-10.06
36.13,37.799,283.569,0.606,0.095,42.05,1.87,53.946999999999996,-8.88
35.97,38.607,314.639,0.609,0.124,49.14,1.55,37.49,-6.32
35.87,39.667,322.086,0.599,0.08199999999999999,52.61,1.95,33.895,-8.06
35.81,39.873000000000005,234.553,0.5870000000000001,0.07400000000000001,48.98,1.39,59.513000000000005,-8.78
34.27,41.258,288.478,0.602,0.111,41.25,1.6,50.772,-7.56
34.25,41.349,158.05100000000002,0.619,0.068,45.01,1.63,54.467,-6.64
34.19,40.795,205.005,0.608,0.05,50.03,1.95,50.717,-7.72
34.13,41.315,297.72,0.598,0.08800000000000001,51.34,1.88,48.961999999999996,-7.38
34.11,42.213,304.02299999999997,0.605,0.096,38.63,1.81,26.021,-7.32
25.67,70.972,419.22,0.5329999999999999,0.16399999999999998,38.79,0.35,30.479,0.62
25.92,71.266,259.819,0.5770000000000001,0.11599999999999999,28.5,0.72,9.487,0.61
26.21,71.24600000000001,156.778,0.573,0.094,31.45,0.39,23.226999999999997,0.26
26.49,71.111,237.622,0.5429999999999999,0.135,34.67,0.36,10.609000000000002,0.5
26.79,70.734,262.683,0.583,0.12,29.37,0.23,40.44,0.24
31.16,63.582,266.138,0.5760000000000001,0.134,36.98,0.8,18.048,-3.91
31.26,63.528,156.749,0.563,0.075,38.63,0.39,58.699,-3.01
31.37,63.114,64.531,0.601,0.037000000000000005,34.82,0.68,71.277,-3.12
31.48,61.18600000000001,6.5089999999999995,0.6779999999999999,0.009000000000000001,37.13,0.3,32.409,-2.59
31.56,60.598,171.567,0.613,0.081,39.09,0.36,46.213,-2.67
33.47,59.637,846.077,0.52,0.225,41.93,0.55,48.022,-3.42
33.54,59.044,430.461,0.583,0.147,45.37,0.8,48.405,-2.93
33.6,58.291000000000004,922.3439999999999,0.43799999999999994,0.314,38.07,0.3,45.36,-2.77
33.68,58.358999999999995,786.05,0.457,0.08800000000000001,41.32,0.53,31.84,-3.75
33.76,58.153,558.249,0.563,0.175,40.81,0.54,25.259,-3.89
33.65,44.641999999999996,312.58799999999997,0.672,0.08,49.68,1.71,42.24,-7.22
33.64,44.081,248.967,0.618,0.09,46.2,1.91,57.785,-7.03
33.63,44.196999999999996,296.66700000000003,0.621,0.086,42.69,1.79,48.693000000000005,-7.16
33.64,44.058,246.168,0.619,0.045,51.61,1.98,41.355,-8.01
33.65,43.207,82.51799999999999,0.619,0.032,46.77,1.62,65.418,-7.5
34.22,49.863,479.598,0.581,0.16699999999999998,42.96,0.49,19.315,-5.59
34.15,50.22,478.52099999999996,0.5770000000000001,0.15,37.65,0.35,43.883,-4.4
34.12,49.808,416.475,0.605,0.221,40.9,0.35,46.733000000000004,-4.47
34.1,48.746,331.56,0.611,0.096,39.1,0.46,49.408,-5.85
34.03,46.965,247.15900000000002,0.622,0.099,43.38,0.56,77.191,-5.78
32.5,50.457,507.67400000000004,0.5820000000000001,0.114,41.79,0.83,40.722,-6.79
32.53,50.754,293.736,0.607,0.078,40.34,0.93,35.528,-5.14
32.54,50.292,496.88300000000004,0.5670000000000001,0.162,45.02,0.88,29.846,-6.87
32.55,51.03,307.263,0.59,0.107,37.53,0.8,56.967,-5.56
32.58,50.806999999999995,275.121,0.5820000000000001,0.084,44.8,0.68,69.436,-6.39
32.77,50.191,635.35,0.584,0.136,44.08,0.71,64.768,-4.96
32.81,50.638999999999996,457.87,0.5710000000000001,0.11,42.01,1.14,70.036,-4.46
32.84,52.07,328.01,0.5760000000000001,0.099,45.55,1.03,73.10600000000001,-4.03
32.88,52.37,445.89099999999996,0.5720000000000001,0.142,40.67,1.03,72.881,-4.31
32.87,50.94,409.481,0.5760000000000001,0.099,42.3,0.88,64.133,-4.7
35.35,47.882,255.028,0.596,0.111,38.46,1.83,33.803000000000004,-6.54
35.31,47.434,269.635,0.608,0.11900000000000001,42.75,1.71,16.965999999999998,-6.42
35.31,48.273999999999994,239.399,0.602,0.08800000000000001,45.46,1.41,40.437,-7.06
35.33,47.973,219.09799999999998,0.596,0.115,38.35,1.4,32.596,-6.04
35.35,48.31399999999999,298.171,0.589,0.132,40.26,1.85,24.136,-6.24
35.34,48.312,247.55900000000003,0.594,0.086,48.45,1.64,36.303000000000004,-4.27
35.34,47.588,95.185,0.629,0.042,45.17,1.37,96.87299999999999,-5.33
35.34,47.916000000000004,124.749,0.598,0.031,48.07,1.33,98.729,-4.77
35.36,48.232,276.086,0.56,0.126,40.72,1.58,53.57,-4.67
35.42,49.467,309.723,0.556,0.171,43.4,1.56,37.975,-3.79
35.45,49.527,376.056,0.599,0.105,51.27,1.33,36.358000000000004,-5.16
35.46,49.121,319.726,0.589,0.12300000000000001,41.38,1.24,67.508,-5.63
35.5,49.475,213.338,0.616,0.1,46.08,1.48,54.402,-5.57
35.54,48.357,356.098,0.598,0.11800000000000001,50.81,1.4,13.212,-5.67
35.59,48.422,327.605,0.6,0.10800000000000001,43.22,1.43,24.508000000000003,-5.12
35.85,38.374,285.869,0.608,0.094,45.91,1.61,36.685,-8.64
35.76,39.141,281.714,0.589,0.111,32.44,1.46,57.205,-4.47
35.67,39.18,291.675,0.606,0.10800000000000001,40.27,1.56,30.811999999999998,-8.38
35.6,38.964,331.755,0.608,0.094,42.27,1.67,46.47,-9.21
35.56,39.406,311.81,0.605,0.105,41.2,1.73,42.675,-7.57
33.25,40.163000000000004,191.143,0.589,0.08900000000000001,30.94,1.63,37.559,-8.06
33.19,40.018,207.516,0.621,0.079,44.36,1.86,28.570999999999998,-8.72
33.21,40.825,157.379,0.617,0.069,44.92,1.61,45.536,-8.6
33.2,40.801,241.977,0.601,0.09699999999999999,41.85,1.56,33.266999999999996,-8.59
33.17,41.415,216.11,0.626,0.065,51.97,1.57,26.314,-8.6
32.59,42.25899999999999,216.91,0.584,0.085,35.68,1.25,36.716,-7.4
32.57,41.978,239.518,0.5920000000000001,0.08800000000000001,38.88,1.54,34.869,-7.72
32.56,41.778999999999996,242.597,0.602,0.055999999999999994,44.03,1.86,40.722,-8.33
32.44,41.908,231.05200000000002,0.612,0.1,46.37,1.68,40.749,-7.39
32.37,42.1,243.298,0.61,0.07,45.41,1.69,41.3,-8.74
34.91,52.013999999999996,885.4060000000001,0.524,0.25,33.46,1.1,53.641000000000005,-4.16
34.98,51.742,627.939,0.58,0.153,44.32,1.52,55.011,-4.61
35.04,51.339,947.034,0.415,0.26899999999999996,37.19,1.4,35.621,-3.19
35.1,51.207,930.918,0.474,0.29100000000000004,40.74,1.61,25.816999999999997,-3.67
35.16,51.097,767.385,0.46,0.271,38.52,1.37,23.364,-2.39
35.27,50.863,897.678,0.509,0.23399999999999999,43.44,1.2,64.293,-4.62
35.35,51.327,732.9630000000001,0.467,0.249,34.5,1.17,84.126,-3.92
35.46,51.666000000000004,540.734,0.585,0.153,45.12,1.26,75.324,-4.13
35.53,51.873000000000005,308.161,0.604,0.125,39.48,1.27,43.303000000000004,-3.72
35.64,51.687,242.07,0.589,0.11,41.93,0.99,80.34100000000001,-2.79
35.77,52.111000000000004,230.21400000000003,0.622,0.077,45.39,1.31,79.55199999999999,-5.44
35.82,52.033,250.604,0.625,0.10300000000000001,46.27,1.59,56.833999999999996,-5.81
35.87,51.56100000000001,246.61,0.629,0.099,43.27,1.44,33.708,-5.0
35.89,50.756,293.974,0.611,0.11900000000000001,42.63,1.51,45.625,-5.02
35.9,50.256,192.477,0.629,0.071,33.37,1.31,52.383,-5.65
32.96,44.038999999999994,1396.306,0.43700000000000006,0.32299999999999995,40.26,1.54,79.942,-0.93
33.02,44.626999999999995,1466.2089999999998,0.498,0.249,41.9,1.59,64.48,-2.09
33.12,45.148,2117.46,0.376,0.365,37.68,1.71,47.545,-3.29
33.16,44.162,1489.588,0.431,0.28800000000000003,47.22,1.39,39.643,-4.99
33.23,44.183,1288.646,0.46399999999999997,0.273,43.05,1.43,71.445,-5.16
33.67,39.885999999999996,635.9159999999999,0.542,0.163,29.19,1.36,63.876000000000005,-7.2
33.66,40.818000000000005,646.895,0.557,0.136,43.88,1.53,66.07300000000001,-7.31
33.69,43.328,832.9939999999999,0.546,0.177,42.1,1.39,82.721,-5.06
33.76,42.36600000000001,1287.267,0.449,0.27399999999999997,33.92,1.2,60.325,-5.83
33.84,42.56100000000001,1270.599,0.46299999999999997,0.282,40.4,1.67,57.473,-4.69
34.59,40.667,720.182,0.599,0.111,46.25,1.44,60.595,-8.16
34.61,40.599000000000004,245.845,0.594,0.08900000000000001,41.28,1.53,70.58800000000001,-6.44
34.64,41.128,644.648,0.568,0.126,42.57,1.48,75.863,-5.97
34.68,41.248000000000005,605.452,0.5529999999999999,0.151,46.6,1.57,77.62,-5.97
34.73,43.145,790.813,0.5529999999999999,0.182,39.65,1.74,70.822,-6.88
25.71,66.743,666.9989999999999,0.499,0.193,34.61,1.43,22.384,-0.56
26.44,66.771,762.543,0.528,0.163,39.5,1.69,31.379,-1.15
27.03,64.585,728.945,0.531,0.196,32.79,1.33,21.115,-1.74
27.76,62.393,229.861,0.585,0.099,34.4,1.38,50.971000000000004,-2.43
28.13,61.091,359.811,0.5870000000000001,0.114,38.44,1.51,37.735,-2.8
32.21,48.831,1455.905,0.469,0.263,36.96,1.54,33.603,-5.32
32.31,48.089,913.288,0.488,0.254,38.41,1.61,35.561,-5.24
32.47,49.242,579.5830000000001,0.575,0.19,35.85,1.4,21.835,-5.58
32.61,47.632,1796.033,0.39299999999999996,0.298,37.9,1.58,50.24100000000001,-6.08
32.71,45.516000000000005,1693.3310000000001,0.444,0.305,43.07,1.32,57.565,-6.04
34.91,41.292,1538.379,0.324,0.25,30.58,1.61,38.803000000000004,-7.74
34.96,41.448,1465.9579999999999,0.42700000000000005,0.3,34.96,1.46,47.486999999999995,-6.75
34.99,42.34,1679.6779999999999,0.41,0.322,39.56,1.38,41.201,-7.46
35.07,41.516000000000005,1843.973,0.415,0.33399999999999996,39.07,1.35,53.449,-7.46
35.11,41.146,1770.912,0.426,0.244,37.04,1.4,60.578,-7.3
31.65,44.516000000000005,1712.18,0.342,0.322,38.57,1.47,16.989,-1.0
31.84,44.187,1642.505,0.392,0.33299999999999996,44.89,1.49,33.848,-1.55
32.04,44.915,1496.104,0.40700000000000003,0.315,40.64,1.71,24.429000000000002,-2.75
32.25,45.376000000000005,428.395,0.5579999999999999,0.145,42.93,1.48,52.1,-1.64
32.45,44.513000000000005,1069.399,0.43700000000000006,0.28300000000000003,40.39,1.4,57.711999999999996,-3.12
35.5,39.681,1673.759,0.324,0.34,43.02,1.13,31.314,-3.95
35.6,39.28,698.997,0.514,0.218,45.49,1.4,45.878,-4.31
35.71,39.794000000000004,1875.354,0.341,0.37200000000000005,39.37,1.43,26.188000000000002,-3.98
35.86,40.521,1806.501,0.41200000000000003,0.35600000000000004,43.79,1.65,47.227,-2.97
36.0,40.018,1187.198,0.408,0.255,49.74,1.23,53.531000000000006,-3.49
37.46,35.233000000000004,226.987,0.588,0.08900000000000001,38.88,1.59,47.59,-2.51
37.49,36.427,121.009,0.595,0.049,39.36,1.74,41.04,-4.46
37.5,34.719,1306.171,0.414,0.287,43.47,1.65,31.169,-7.13
37.54,36.56,1582.148,0.32299999999999995,0.341,37.3,1.52,52.488,-3.53
37.55,35.018,243.66400000000002,0.605,0.09300000000000001,34.97,1.59,57.77,-3.92
37.1,48.756,292.85200000000003,0.616,0.08900000000000001,46.98,1.48,14.759,-5.11
37.11,48.17100000000001,241.365,0.603,0.11800000000000001,38.41,1.39,33.54,-6.5
37.12,47.808,222.33599999999998,0.621,0.115,36.33,1.79,18.575,-5.79
37.12,47.644,218.393,0.63,0.061,47.0,1.62,14.449000000000002,-6.25
37.13,46.59,248.15599999999998,0.626,0.11699999999999999,39.96,1.61,12.724,-6.3
37.12,45.66,242.28400000000002,0.617,0.107,36.84,1.56,17.858,-6.87
37.11,46.07,367.845,0.607,0.111,45.03,1.54,10.004,-6.86
37.11,46.41,558.015,0.56,0.218,40.63,1.49,13.67,-5.82
37.13,46.424,571.036,0.557,0.203,41.04,1.53,29.186999999999998,-6.44
37.15,46.836999999999996,789.1569999999999,0.532,0.252,46.0,1.55,23.752,-5.34
37.12,44.498000000000005,765.09,0.563,0.198,44.4,1.41,16.910999999999998,-6.01
37.12,45.026,744.5930000000001,0.526,0.23399999999999999,44.11,1.59,24.728,-7.83
37.12,44.43899999999999,466.533,0.599,0.149,44.29,1.71,46.6,-7.29
37.12,44.192,750.7589999999999,0.562,0.17,46.37,1.58,11.612,-7.65
37.13,44.228,1036.405,0.489,0.23399999999999999,50.23,1.54,14.988,-6.98
35.66,53.931999999999995,680.812,0.455,0.264,34.11,1.07,70.22,-4.97
35.77,53.091,962.65,0.467,0.315,38.04,1.41,44.784,-3.92
35.87,53.466,954.197,0.466,0.28300000000000003,34.26,1.62,40.098,-4.86
36.0,52.708999999999996,921.3639999999999,0.519,0.254,43.93,1.58,52.608999999999995,-4.57
36.11,52.512,1011.715,0.44,0.32,43.67,1.34,26.429000000000002,-3.56
36.21,50.733000000000004,660.3389999999999,0.575,0.18100000000000002,44.52,1.49,65.439,-5.2
36.29,51.75899999999999,784.28,0.524,0.249,39.53,1.54,22.014,-4.86
36.37,52.037,834.654,0.541,0.261,39.42,1.26,49.16,-4.22
36.45,52.035,721.568,0.49,0.26,36.32,1.37,76.17,-4.68
36.53,51.799,784.081,0.44299999999999995,0.281,38.49,1.52,72.60300000000001,-5.06
36.67,48.218,659.293,0.57,0.196,36.3,1.54,58.618,-5.8
36.73,47.955,697.554,0.557,0.19699999999999998,43.77,1.33,75.472,-5.76
36.83,47.812,921.9810000000001,0.479,0.282,41.44,1.36,54.12,-4.76
36.9,46.495,797.4019999999999,0.49700000000000005,0.268,44.87,1.41,21.459,-4.91
36.95,46.113,535.887,0.555,0.191,38.94,1.42,32.351,-6.02
23.91,72.21600000000001,204.00400000000002,0.5710000000000001,0.08900000000000001,38.26,0.62,17.477,-0.56
24.1,72.467,187.168,0.555,0.098,34.46,0.55,28.599,-0.67
24.26,72.594,217.56799999999998,0.557,0.115,33.36,0.73,36.467,-0.83
24.46,72.71600000000001,215.604,0.562,0.098,34.49,1.21,17.316,-1.07
24.69,72.508,179.579,0.5670000000000001,0.092,39.47,0.92,50.305,-1.2
28.78,63.99,98.039,0.569,0.055,34.88,0.36,75.854,-4.83
28.82,62.839,209.715,0.5720000000000001,0.094,36.95,0.28,38.795,-4.73
28.85,62.011,177.489,0.556,0.105,32.81,0.27,51.31,-4.66
28.89,61.915,217.208,0.574,0.12,37.58,0.94,15.335999999999999,-5.64
28.96,62.184,240.824,0.573,0.09300000000000001,35.7,0.6,15.985,-5.23
30.58,58.998999999999995,269.323,0.555,0.113,32.85,0.65,18.032,-6.07
30.56,58.5,272.004,0.552,0.11900000000000001,32.79,0.45,33.775,-5.41
30.6,58.606,262.895,0.563,0.1,35.19,0.52,13.658,-5.69
30.62,58.588,213.56900000000002,0.58,0.07,37.79,0.45,58.788000000000004,-5.81
30.66,58.446000000000005,193.179,0.568,0.07400000000000001,36.27,0.37,51.657,-5.37
27.33,72.23,1046.219,0.397,0.289,33.62,0.55,24.925,1.2
27.66,72.697,600.35,0.47200000000000003,0.233,34.31,0.92,43.64,1.09
27.98,72.941,718.1519999999999,0.435,0.266,36.16,0.24,25.514,0.69
28.32,72.446,994.7589999999999,0.428,0.287,35.92,0.31,50.85,0.69
28.63,72.374,726.1189999999999,0.493,0.23199999999999998,39.16,0.24,50.998999999999995,0.08
35.67,54.244,380.37199999999996,0.584,0.139,39.73,1.11,24.622,-5.56
35.68,54.621,400.87699999999995,0.579,0.147,35.89,0.84,18.927,-5.89
35.69,55.181999999999995,338.594,0.59,0.11800000000000001,38.87,0.61,36.103,-5.82
35.68,56.048,395.085,0.5820000000000001,0.161,37.81,0.54,13.492,-4.09
35.69,56.368,339.29900000000004,0.579,0.136,37.34,0.51,24.483,-5.18
35.73,55.266999999999996,407.458,0.57,0.204,42.95,0.24,32.996,-4.18
35.76,55.44,442.281,0.574,0.175,37.01,0.4,40.19,-4.93
35.77,55.18899999999999,422.72900000000004,0.588,0.13,40.67,0.67,32.899,-6.08
35.77,54.769,393.73699999999997,0.5760000000000001,0.159,42.56,0.36,19.383,-4.98
35.78,54.348,391.68,0.578,0.17800000000000002,37.16,0.32,5.7589999999999995,-5.03
30.66,53.986999999999995,1055.553,0.525,0.215,38.06,1.25,43.169,-1.69
30.84,54.065,763.3,0.534,0.192,35.49,0.53,49.964,-0.55
31.03,55.083,1156.147,0.49700000000000005,0.235,33.92,0.95,53.23,0.22
31.25,52.431000000000004,1165.119,0.48700000000000004,0.25,38.37,0.59,46.675,-1.78
31.29,52.727,1038.2160000000001,0.49,0.24100000000000002,36.95,1.19,19.744,-2.48
31.5,53.963,1934.531,0.43200000000000005,0.314,34.85,1.22,35.121,-0.93
31.51,52.531000000000006,827.3639999999999,0.518,0.205,34.0,1.21,18.948,-3.16
31.71,53.619,1687.93,0.36200000000000004,0.3,33.74,1.13,69.009,-1.06
31.92,53.458999999999996,1860.231,0.387,0.337,34.87,1.22,51.229,-0.07
32.12,53.332,1915.5320000000002,0.374,0.34299999999999997,31.24,1.45,44.101000000000006,-0.05
34.1,49.114,1458.62,0.41,0.254,29.16,1.26,63.431000000000004,-4.13
34.22,48.661,1804.4160000000002,0.35100000000000003,0.324,30.35,1.37,43.63399999999999,-3.07
34.33,48.86,1272.802,0.46399999999999997,0.266,33.47,1.18,61.456,-3.4
34.46,47.101000000000006,1766.04,0.39899999999999997,0.303,33.3,0.87,74.205,-2.21
34.58,47.65,2061.297,0.36,0.319,34.14,0.99,43.854,-1.91
24.92,69.962,524.404,0.541,0.174,34.81,1.29,5.244,-1.57
25.1,69.833,190.28799999999998,0.5660000000000001,0.084,30.67,1.09,37.774,-1.57
25.32,69.454,503.61300000000006,0.5539999999999999,0.134,29.52,1.12,14.950999999999999,-2.13
25.53,69.64399999999999,225.935,0.575,0.07,33.86,1.47,28.031,-2.58
25.77,69.311,578.241,0.485,0.177,27.03,0.86,49.08,-2.0
30.84,59.633,414.87199999999996,0.561,0.125,30.17,1.03,12.627,-4.79
30.96,59.817,350.371,0.56,0.096,35.23,0.78,21.846,-5.05
31.09,58.297,586.317,0.53,0.17600000000000002,28.94,0.97,43.716,-5.22
31.21,58.494,484.57800000000003,0.551,0.15,31.32,0.35,31.919,-4.82
31.37,58.515,782.355,0.544,0.21600000000000003,30.19,0.94,35.433,-4.76
30.23,52.141999999999996,461.861,0.56,0.133,34.68,1.29,33.133,-5.62
30.26,52.769,418.45599999999996,0.5589999999999999,0.132,29.98,1.26,23.828000000000003,-6.97
30.31,52.913000000000004,616.844,0.54,0.184,30.06,1.19,38.876999999999995,-5.7
30.37,52.262,419.12800000000004,0.569,0.155,31.28,1.4,34.357,-6.52
30.4,51.503,552.133,0.5,0.16399999999999998,26.6,1.47,23.273000000000003,-6.07
28.07,65.125,285.548,0.5710000000000001,0.141,40.26,1.36,27.502,0.74
28.39,65.33,339.959,0.583,0.131,47.84,1.41,12.198,0.72
28.71,65.33,457.505,0.561,0.12,43.52,1.51,24.587,0.3
29.03,65.262,344.036,0.5820000000000001,0.132,44.59,1.4,14.196,-0.06
29.35,65.123,369.736,0.574,0.152,41.78,1.47,14.192,-0.16
33.61,53.806999999999995,180.892,0.593,0.07400000000000001,43.69,1.11,30.185,-4.8
33.68,54.489,172.63099999999997,0.606,0.08900000000000001,42.89,1.28,20.325,-4.71
33.76,54.277,132.02700000000002,0.594,0.061,43.52,1.54,46.483000000000004,-4.29
33.87,54.441,387.278,0.5870000000000001,0.14300000000000002,46.56,1.39,24.92,-4.58
33.99,53.91,353.79900000000004,0.561,0.149,42.5,1.28,7.019,-4.66
36.43,48.475,171.988,0.579,0.08800000000000001,37.11,1.19,16.145,-5.18
36.46,47.961999999999996,237.84599999999998,0.639,0.085,38.05,1.47,9.442,-5.85
36.46,46.356,143.243,0.5820000000000001,0.046,43.84,1.35,51.303000000000004,-5.27
36.47,47.119,451.68699999999995,0.562,0.132,38.79,1.65,29.934,-6.0
36.48,46.663999999999994,313.55,0.569,0.10800000000000001,44.74,1.6,31.688000000000002,-6.55
25.3,71.961,209.331,0.561,0.098,30.72,0.48,18.314,-0.25
25.43,71.982,217.636,0.5660000000000001,0.09300000000000001,30.03,0.33,16.787,-0.38
25.55,71.845,200.53900000000002,0.5820000000000001,0.09300000000000001,33.91,0.44,25.226,-0.32
25.64,71.791,202.25,0.601,0.098,34.44,0.27,26.505,0.07
25.74,71.641,222.051,0.5770000000000001,0.107,32.79,0.64,37.083,-1.17
28.64,67.578,407.36800000000005,0.551,0.154,34.16,0.54,25.781,-1.29
28.75,66.773,633.184,0.512,0.192,33.68,0.21,51.42,-0.72
28.87,66.12899999999999,566.2869999999999,0.465,0.18600000000000003,31.96,0.22,31.096999999999998,-0.98
29.04,65.433,590.3530000000001,0.5529999999999999,0.21,37.27,0.62,56.673,-1.05
29.17,65.49600000000001,437.69300000000004,0.5489999999999999,0.145,34.59,0.29,39.385999999999996,-1.88
31.84,62.739,711.25,0.545,0.205,37.05,0.41,29.834,-2.05
31.92,62.479,700.7589999999999,0.535,0.243,37.08,0.23,64.38600000000001,-2.05
32.03,62.494,578.026,0.5479999999999999,0.212,38.44,0.25,54.826,-1.52
32.17,62.568999999999996,704.4630000000001,0.536,0.218,34.81,0.56,52.2,-2.24
32.29,62.745,624.711,0.552,0.221,37.39,0.62,25.066,-2.0
35.1,56.339,194.274,0.5820000000000001,0.061,44.6,1.22,18.039,-5.81
35.03,56.007,165.451,0.581,0.064,42.78,1.03,25.598000000000003,-5.92
35.06,55.86,197.71400000000003,0.575,0.055,45.57,1.41,38.241,-5.91
34.98,55.586999999999996,177.707,0.575,0.06,42.23,1.34,33.809,-5.93
35.0,56.038000000000004,210.205,0.564,0.075,39.03,1.16,7.327999999999999,-5.95
26.38,67.676,420.55400000000003,0.5429999999999999,0.141,42.45,1.02,5.023,-0.99
25.95,67.399,329.475,0.547,0.129,39.06,0.38,35.434,-0.96
26.17,67.031,409.20599999999996,0.5329999999999999,0.154,43.05,0.99,10.97,-0.98
25.52,66.487,303.226,0.536,0.128,39.03,0.83,25.523000000000003,-1.09
25.7,67.315,344.385,0.542,0.138,41.26,1.19,5.6,-1.23
33.82,57.353,395.82099999999997,0.552,0.126,39.61,1.17,31.865,-4.85
33.62,58.016999999999996,352.79699999999997,0.539,0.12,42.39,0.47,12.513,-4.73
33.72,57.535,312.98900000000003,0.547,0.098,45.1,0.49,25.041,-4.79
33.44,58.361000000000004,238.763,0.552,0.078,46.25,0.95,18.863,-4.77
33.53,58.521,360.18800000000005,0.544,0.11900000000000001,36.17,0.96,9.57,-4.82
27.69,63.813,370.88800000000003,0.5589999999999999,0.125,44.53,0.63,22.75,-2.06
27.8,63.354,387.441,0.547,0.155,42.91,0.62,15.707,-2.09
27.41,64.508,366.57,0.534,0.142,44.7,0.52,23.326,-1.94
27.57,64.187,409.781,0.536,0.17,42.31,0.44,1.275,-1.76
27.24,65.157,419.921,0.531,0.14400000000000002,47.18,0.88,10.901,-1.47
32.48,60.369,309.3,0.523,0.107,39.67,0.92,23.592,-3.19
32.26,60.843999999999994,412.06800000000004,0.528,0.11699999999999999,44.21,1.48,31.339000000000002,-4.33
32.38,60.824,298.497,0.523,0.10800000000000001,36.04,0.79,31.203000000000003,-3.75
32.12,61.443000000000005,406.333,0.519,0.128,40.59,0.86,8.652000000000001,-3.11
31.88,62.326,222.418,0.5479999999999999,0.075,42.36,1.27,43.128,-3.71
32.01,61.967,284.561,0.535,0.106,37.56,1.36,28.666999999999998,-3.48
28.51,61.26,401.369,0.5429999999999999,0.155,38.7,1.04,31.421,-2.94
28.64,60.364,413.805,0.5379999999999999,0.14800000000000002,35.49,1.17,19.21,-3.32
28.14,62.135,348.20300000000003,0.544,0.161,43.26,0.85,39.806,-3.05
28.3,61.801,412.05199999999996,0.547,0.14800000000000002,40.18,1.09,8.896,-3.49
27.98,63.071999999999996,386.204,0.547,0.139,43.37,0.95,11.137,-2.83
